"","Dessert","Colour","measure_4"
"26","cake","red",0.408813615
"10","pie","",0.595109986
"19","pie","red",0.1132119
"38","cake","blue",0.007769813
"8","cake","",0.025459512
"40","pie","blue",0.172879106
"9","","",0.339206158
"5","cake","",0.002578017
"12","","",0.149621703
"7","pie","",0.882762846
"1","pie","",0.905089962
"23","cake","red",0.636401787
"6","","",0.949167495
